Id,BIRTHDATE,DEATHDATE,SSN,DRIVERS,PASSPORT,PREFIX,FIRST,MIDDLE,LAST,SUFFIX,MAIDEN,MARITAL,RACE,ETHNICITY,GENDER,BIRTHPLACE,ADDRESS,CITY,STATE,COUNTY,FIPS,ZIP,LAT,LON,HEALTHCARE_EXPENSES,HEALTHCARE_COVERAGE,INCOME
1603f9c6-c49e-358f-cc1c-4c92c7924dbd,1994-11-26,,999-13-6654,S99914254,X40616470X,Mrs.,Catrina144,Lashell363,Cartwright189,,Bartoletti50,M,white,nonhispanic,F,Sudbury  Massachusetts  US,811 Champlin Frontage road,Boston,Massachusetts,Suffolk County,25017,02467,42.338436400515306,-71.03012871179241,94007.37,13977.70,170021
d6ddd422-c38a-5ca3-a77e-2dbd63a00113,1930-11-18,1976-02-08,999-86-7886,S99941126,X10020207X,Mrs.,Leonore418,Jimmie93,Hilpert278,,Schuster709,D,white,nonhispanic,F,Bridgewater  Massachusetts  US,810 Windler Union,Burlington,Massachusetts,Middlesex County,25017,01803,42.52608596530656,-71.18444605804957,114157.51,302346.60,389466
1739419d-98e4-5f73-8b83-aa414dcf46a3,2019-03-14,,999-24-5365,,,,Leonor133,Claudia969,Arenas932,,,,white,hispanic,F,Santo Domingo  National District  DO,611 Homenick Mall,North Westport,Massachusetts,Bristol County,,00000,41.66502249276127,-71.13299506584816,9935.53,8399.65,164901
41771dd4-24d0-0fd3-cb11-d96407742ce0,2013-05-09,,999-98-4744,,,,Shanel903,Voncile324,Quitzon246,,,,white,nonhispanic,F,Mansfield  Massachusetts  US,101 Wuckert Crossing,Mattapoisett,Massachusetts,Plymouth County,,00000,41.702320116712656,-70.77400699407578,28256.21,6319.90,55345
3590cb0d-1791-e563-42ab-7237059122d2,2012-10-27,,999-85-5464,,,,Emilio417,Emilio417,Montero62,,,,white,hispanic,M,Caracas  Capital District  VE,698 Schuster Divide,Charlton,Massachusetts,Worcester County,,00000,42.106166706491905,-71.95498087333382,35444.55,275.51,42801
e82e71a9-ae90-3430-66a5-7fac9066cd4c,1957-06-29,2004-01-31,999-54-4266,S99975971,X61248673X,Mr.,Bobby524,Lloyd546,Botsford977,,,S,white,nonhispanic,M,Medfield  Massachusetts  US,839 Sauer Park Apt 26,Pinehurst,Massachusetts,Middlesex County,25017,01866,42.56612792093901,-71.18459386493078,11740.19,184604.46,16068
dfa014f4-cbd0-8d37-7134-1fcbc1010c96,2001-10-28,,999-95-4407,S99973380,X31732241X,Ms.,Yolanda648,Catalina187,Santiago500,,,,white,hispanic,F,Bayamon  Puerto Rico  PR,973 Hintz Vale Suite 70,Quincy,Massachusetts,Norfolk County,25021,02169,42.302516617381634,-71.02353560622056,4850.00,225047.56,11403
004e8cce-7045-8cbe-9fe0-1df5305b2003,1969-09-27,2009-11-13,999-67-3618,S99926121,X49863759X,Mrs.,Dulcie148,Valentina258,Haag279,,Corwin846,M,white,nonhispanic,F,North Plymouth  Massachusetts  US,657 Schmeler Hollow Suite 71,Braintree,Massachusetts,Norfolk County,25021,02184,42.235504840419715,-71.05161326314322,745770.94,12871.37,110338
23479019-fd1e-2b8b-c892-7be8d51849d4,1967-12-28,,999-65-5981,S99958069,X76451629X,Mrs.,Samella245,Leta870,Goldner995,,Mraz590,W,white,nonhispanic,F,Lowell  Massachusetts  US,449 Osinski Route,Nantucket,Massachusetts,Nantucket County,25019,02554,41.29636033339265,-70.11089400202954,15702.73,600291.44,13167
58988810-805f-fcc1-0d46-689772c68b3e,1997-05-07,,999-42-5400,S99924375,X53220991X,Mrs.,Scarlett814,,Yost751,,Fisher429,M,native,nonhispanic,F,Lynn  Massachusetts  US,291 Runolfsdottir Grove,Fall River,Massachusetts,Bristol County,25005,02790,41.721913272577254,-71.22382634518151,150063.41,114649.43,135663
10b577c3-b668-2306-08db-d603cb3cb6d2,1981-09-15,,999-48-4833,S99962709,X49359161X,Mrs.,Kelley882,Mira443,Hudson301,,Barrows492,M,white,nonhispanic,F,Salem  Massachusetts  US,773 Schmidt Orchard Apt 65,Pittsfield,Massachusetts,Berkshire County,25003,01201,42.424069099986276,-73.3033171654069,16175.03,1270576.48,23305
3fbc031d-54e6-ce23-2d38-099fc37f63b3,1927-12-06,2007-02-09,999-80-2224,S99992235,X81312992X,Mrs.,Isabel214,María Eugenia578,Araña824,,Lucero848,M,white,hispanic,F,Panama City  Panama  PA,1092 Johnson Knoll,Boston,Massachusetts,Suffolk County,25025,02151,42.366568867254806,-71.04705828325645,21364.81,1279666.91,9187
cd6ad38d-42a4-4548-c5b2-ac886fb55b3a,1967-11-15,2015-08-30,999-57-4425,S99992044,X82564822X,Mr.,Erasmo545,Lesley194,Zboncak558,,,M,black,nonhispanic,M,Amherst Center  Massachusetts  US,623 Kemmer Branch,Salem,Massachusetts,Essex County,25009,01907,42.463858129114335,-70.93933253003524,98009.41,97707.34,129835
1d88c2ec-47c1-1fbc-826b-e0bb50ddb4df,1943-08-20,,999-11-4149,S99935297,X86510222X,Mr.,Tod265,,Leannon79,,,M,white,nonhispanic,M,Dartmouth  Massachusetts  US,446 Turcotte Walk Suite 55,Amherst,Massachusetts,Hampshire County,,00000,42.34712471087295,-72.51050976101882,138170.31,385889.51,23791
3728d4dd-e2a1-c75a-c813-f4fc05afb83d,1974-08-07,,999-28-2965,S99991830,X35041446X,Mrs.,Marcie463,Phyliss206,Rolfson709,,Mueller846,M,white,nonhispanic,F,Malden  Massachusetts  US,212 Considine Walk Suite 49,Burlington,Massachusetts,Middlesex County,25017,01730,42.45319447844553,-71.25824959253175,410934.54,1269669.76,127436
03c10ebe-f87c-127f-0318-0da5ce059853,1930-11-18,1972-03-23,999-92-2183,S99923364,X10171148X,Mrs.,Melissia267,Jacquelynn434,Kozey370,,Mertz280,M,white,nonhispanic,F,East Sandwich  Massachusetts  US,590 Flatley Branch Unit 89,Burlington,Massachusetts,Middlesex County,25017,01803,42.53374662593273,-71.19801470527685,122067.33,990381.48,389466
bde2ca77-02c6-1577-a8ca-6a3b02cabbd8,1969-09-27,,999-14-9533,S99957854,X60345039X,Mrs.,Marinda592,Phoebe31,Leffler128,,Osinski784,W,white,nonhispanic,F,Foxborough  Massachusetts  US,389 Beatty Viaduct,Braintree,Massachusetts,Norfolk County,25021,02184,42.23053401871184,-71.0420888505703,884332.52,139242.33,110338
87f4c224-97db-ebce-0a90-150370d2b56b,1957-06-29,,999-88-9054,S99979294,X46714303X,Mr.,Normand813,Timothy142,Parker433,,,M,white,nonhispanic,M,Saugus  Massachusetts  US,170 Kihn Club Apt 8,Pinehurst,Massachusetts,Middlesex County,25017,01866,42.57250072646867,-71.28233196313246,20148.91,379682.69,16068
54d174cc-0236-0c47-c1e8-687c51c73786,1967-11-15,,999-67-1339,S99913838,X20614178X,Mr.,Loren192,Stewart672,Effertz744,,,M,black,nonhispanic,M,Methuen  Massachusetts  US,492 Larson Approach Apt 56,Salem,Massachusetts,Essex County,25009,01970,42.4964587966001,-70.86542817133616,174949.10,87703.61,129835
e4a973ec-bc18-c303-a8c0-c7525cb29d1c,1927-12-06,,999-38-6416,S99963456,X55375198X,Ms.,Yolanda648,Luz785,Granados71,,,S,white,hispanic,F,Caracas  Capital District  VE,449 Hayes Flat,Boston,Massachusetts,Suffolk County,25017,02467,42.3127289057559,-71.0757432068108,32271.38,1724856.29,9187
11452398-2b11-dbb6-376c-1c718e4611e2,1930-11-18,2021-03-17,999-36-5715,S99986470,X17044163X,Mrs.,Christie481,Marietta439,Cormier289,,Nolan344,M,white,nonhispanic,F,Winthrop  Massachusetts  US,322 Franecki Lodge Suite 66,Burlington,Massachusetts,Middlesex County,25017,01803,42.53741901442192,-71.27326984398091,267508.17,1747909.04,389466
6a9e450a-291e-d798-1bf3-f0204bc69338,1930-11-18,,999-64-8251,S99947161,X21947543X,Mrs.,Florinda19,Francis500,Howe413,,Goodwin327,M,white,nonhispanic,F,Wayland  Massachusetts  US,1042 Runte Meadow,Burlington,Massachusetts,Middlesex County,25017,01730,42.45244815550944,-71.29250271442183,153386.42,755293.69,389466
